<?xml version="1.0" encoding="UTF-8"?>

<recipeml version="0.5">
  <recipe>
    <head>
      <title>100 Year Old Pate</title>
      <categories>
        <cat>Appetizers</cat>
        <cat>Poultry</cat></categories>
      <yield>1</yield></head>
    <ingredients>
      <ing>
        <amt>
          <qty>2</qty>
          <unit>pounds</unit></amt>
        <item>Chicken livers</item></ing>
      <ing>
        <amt>
          <qty>1/2</qty>
          <unit>pounds</unit></amt>
        <item>Bacon cooked crisp and crumbled</item></ing>
      <ing>
        <amt>
          <qty>1</qty>
          <unit>cup</unit></amt>
        <item>Chicken stock (preferred) or bouillon</item></ing>
      <ing>
        <amt>
          <qty>1</qty>
          <unit>large</unit></amt>
        <item>White or yellow onion cut into 8th's</item></ing>
      <ing>
        <amt>
          <qty>2</qty>
          <unit/></amt>
        <item>Stalks celery with tops cut into sections</item></ing>
      <ing>
        <amt>
          <qty>1/4</qty>
          <unit/></amt>
        <item>Bell pepper</item></ing>
      <ing>
        <amt>
          <qty>1</qty>
          <unit/></amt>
        <item>Clove garlic peeled &amp; sliced</item></ing>
      <ing>
        <amt>
          <qty>1</qty>
          <unit>teaspoon</unit></amt>
        <item>Heaping thyme</item></ing>
      <ing>
        <amt>
          <qty>1/4</qty>
          <unit>teaspoons</unit></amt>
        <item>Sage</item></ing>
      <ing>
        <amt>
          <qty>1</qty>
          <unit/></amt>
        <item>Pinch rosemary</item></ing>
      <ing>
        <amt>
          <qty>1</qty>
          <unit/></amt>
        <item>Small bay leaf</item></ing>
      <ing>
        <amt>
          <qty/>
          <unit/></amt>
        <item>Crushed peppercorns to taste</item></ing>
      <ing>
        <amt>
          <qty/>
          <unit/></amt>
        <item>Salt to taste (none with bouillon)</item></ing>
      <ing>
        <amt>
          <qty>1/2</qty>
          <unit>teaspoons</unit></amt>
        <item>Dijon mustard</item></ing>
      <ing>
        <amt>
          <qty/>
          <unit/></amt>
        <item>Dry white wine or for change try dry sherry</item></ing>
      <ing>
        <amt>
          <qty>1/2</qty>
          <unit>pounds</unit></amt>
        <item>Sweet cream butter (adjust salt if salted butter is used)</item></ing></ingredients>
    <directions>
      <step>  UTENSILS: 2 qt. sauce pan Colander or large strainer measuring cups and
  spoons food processor, mixer or blender (use your hands only if slightly
  Masochistic) Pate molds or buttered 9" cake pan with release or a bowl
  
  PREPARATION: In sauce pan, combine livers, stock, spices, garlic, celery,
  onion, pepper &amp; salt. Add enough wine to just cover ingredients and bring
  to boiling point. Reduce heat, cover, and simmer for about 1/2 hour. When
  done, place contents in the colander. Reserve the wine broth and allow it
  to stand and cool. Discard the bayleaf from the contents in the colander
  and allow remainder to cool for 1/2 hour.
  
  Gently ladel off the wine broth until the liquid containing the sediment
  equals 2/3 cup. Save the clear broth in case you need more. Be sure to
  catch all the sediment because it is an important part of the recipe.
  
  In your food processor; combine the contents of the colander, sediment
  broth, butter, mustard and 1/2 of the crumbled bacon. Process until the
  mixture is a smooth, soupy puree. Fold in remaining bacon and pour into
  final mold. If it is too thick to pour, you need to add more broth. Allow
  pate to set in refrigerator for at least 24 hours.
  
  Unmold, lightly sprinkle with cracked peppercorns and garnish with sliced
  olives and parsley.
  
  This recipe is an antique French farm recipe reported to be over 100 years
  old. It is a classic recipe with wonderful spices and subtle flavors.
  
  Posted to MM-Recipes Digest V4 #159 by jarin@odyssee.net (Jacques Lorrain)
  on Jun 8, 1997
 
</step></directions></recipe></recipeml>
