<?xml version="1.0" encoding="UTF-8"?>

<recipeml version="0.5">
  <recipe>
    <head>
      <title>14-Carat Cake with Vanilla Cream Cheese Frost</title>
      <categories>
        <cat>Cakes</cat>
        <cat>Desserts</cat></categories>
      <yield>12</yield></head>
    <ingredients>
      <ing-div>
        <title/>
        <ing>
          <amt>
            <qty>2</qty>
            <unit>cups</unit></amt>
          <item>Flour</item></ing>
        <ing>
          <amt>
            <qty>2</qty>
            <unit>teaspoons</unit></amt>
          <item>Baking powder</item></ing>
        <ing>
          <amt>
            <qty>1 1/2</qty>
            <unit>teaspoons</unit></amt>
          <item>Baking soda</item></ing>
        <ing>
          <amt>
            <qty>1</qty>
            <unit>teaspoon</unit></amt>
          <item>Salt</item></ing>
        <ing>
          <amt>
            <qty>2</qty>
            <unit>teaspoons</unit></amt>
          <item>Ground cinnamon</item></ing>
        <ing>
          <amt>
            <qty>4</qty>
            <unit/></amt>
          <item>Eggs</item></ing>
        <ing>
          <amt>
            <qty>2</qty>
            <unit>cups</unit></amt>
          <item>Sugar</item></ing>
        <ing>
          <amt>
            <qty>1 1/2</qty>
            <unit>cups</unit></amt>
          <item>Oil</item></ing>
        <ing>
          <amt>
            <qty>2</qty>
            <unit>cups</unit></amt>
          <item>Grated raw carrots</item></ing>
        <ing>
          <amt>
            <qty>8 1/2</qty>
            <unit>ounces</unit></amt>
          <item>Canned crushed pineapple drained</item></ing>
        <ing>
          <amt>
            <qty>1/2</qty>
            <unit>cups</unit></amt>
          <item>Chopped nuts</item></ing></ing-div>
      <ing-div>
        <title>VANILLA CREAM CHEESE FROSTIN</title>
        <ing>
          <amt>
            <qty>1/2</qty>
            <unit>cups</unit></amt>
          <item>Butter or margarine</item></ing>
        <ing>
          <amt>
            <qty>8</qty>
            <unit>ounces</unit></amt>
          <item>Cream cheese; softened</item></ing>
        <ing>
          <amt>
            <qty>1</qty>
            <unit>teaspoon</unit></amt>
          <item>Vanilla</item></ing>
        <ing>
          <amt>
            <qty>1</qty>
            <unit>pound</unit></amt>
          <item>Powdered sugar; sifted</item></ing></ing-div></ingredients>
    <directions>
      <step>  Sift together flour, baking powder, soda, salt and cinnamon. Beat eggs and
  add sugar. Let stand until sugar dissolves, about 10 minutes. Stir in oil,
  carrots, drained pineapple and nuts. Turn into 3 greased and floured 9-inch
  round cake pans or 1 (13- x 9-inch) pan and bake at 350F 35 to 40 minutes
  for layer pans and about 55 minutes for 13- x 9-inch pan, or until cake
  springs back when lightly touched. Cool in pans about 10 minutes, then turn
  onto wire racks to cool completely.
  
  To make frosting, combine butter, cream cheese and vanilla in large bowl
  and beat until well blended. Add powdered sugar gradually, beating
  vigorously. If too thick, thin with milk to spreading consistency. Frost
  between layers, top and sides of layer cake. Frost top and sides of sheet
  cake.
  
  From Gemini's MASSIVE MealMaster collection at www.synapse.com/~gemini
 
</step></directions></recipe></recipeml>
