<?xml version="1.0" encoding="UTF-8"?>

<recipeml version="0.5">
  <recipe>
    <head>
      <title>14 Carrot Golden Pie</title>
      <categories>
        <cat>Pies</cat></categories>
      <yield>1</yield></head>
    <ingredients>
      <ing>
        <amt>
          <qty>1</qty>
          <unit/></amt>
        <item>Whole Unbaked 9" Pastry Shell</item></ing>
      <ing>
        <amt>
          <qty>2</qty>
          <unit>cups</unit></amt>
        <item>Cooked Carrots; sieved Or Pureed</item></ing>
      <ing>
        <amt>
          <qty>1</qty>
          <unit>cup</unit></amt>
        <item>Honey; Clover Or Orange</item></ing>
      <ing>
        <amt>
          <qty>3/4</qty>
          <unit>cups</unit></amt>
        <item>Evaporated Milk; Undiluted</item></ing>
      <ing>
        <amt>
          <qty>1/2</qty>
          <unit>teaspoons</unit></amt>
        <item>Salt</item></ing>
      <ing>
        <amt>
          <qty>1</qty>
          <unit>teaspoon</unit></amt>
        <item>Cinnamon</item></ing>
      <ing>
        <amt>
          <qty>1/2</qty>
          <unit>teaspoons</unit></amt>
        <item>Nutmeg</item></ing>
      <ing>
        <amt>
          <qty>1/2</qty>
          <unit>teaspoons</unit></amt>
        <item>Ginger; Ground</item></ing>
      <ing>
        <amt>
          <qty>1/8</qty>
          <unit>teaspoons</unit></amt>
        <item>Cloves; Ground</item></ing>
      <ing>
        <amt>
          <qty>3</qty>
          <unit/></amt>
        <item>Whole Eggs; Slightly Beaten</item></ing></ingredients>
    <directions>
      <step>  1. Chill pastry shell while you make filling.
  
  2. Combine carrots, honey, milk, salt and spices.
  
  3. Stir in slightly beaten eggs, blend well, and pour into pastry shell.
  
  4. Bake in 400 degrees for 40 to 45 minutes, until knife inserted near edge
  of pie comes out clean.
  
  5. Filling may be slightly quivery in center.
  
  6. Cool on wire rack 30 minutes, then chill.
  
  7. Top each serving with lightly whipped cream, sour cream or ice cream
  Yield 6 to 8 servings.
  
  Recipe by: DG
  
  Posted to recipelu-digest Volume 01 Number 193 by "Diane Geary"
  &lt;diane@keyway.net&gt; on Nov 3, 1997
 
</step></directions></recipe></recipeml>
