<?xml version="1.0" encoding="UTF-8"?>

<recipeml version="0.5">
  <recipe>
    <head>
      <title>15-Minute Super Sundae Pie</title>
      <categories>
        <cat>Desserts</cat>
        <cat>Pies</cat></categories>
      <yield>8</yield></head>
    <ingredients>
      <ing>
        <amt>
          <qty>1</qty>
          <unit>quart</unit></amt>
        <item>Vanilla ice cream</item></ing>
      <ing>
        <amt>
          <qty>1</qty>
          <unit/></amt>
        <item>Keebler ready crust graham cracker pie crust</item></ing>
      <ing>
        <amt>
          <qty>1</qty>
          <unit>can</unit></amt>
        <item>Smucker's strawberry topping</item></ing>
      <ing>
        <amt>
          <qty>1</qty>
          <unit>package</unit></amt>
        <item>Smucker's chocolate sundae syrup</item></ing>
      <ing>
        <amt>
          <qty>1/4</qty>
          <unit>cups</unit></amt>
        <item>Chopped nuts</item></ing>
      <ing>
        <amt>
          <qty/>
          <unit/></amt>
        <item>Whipped topping or non-dairy whipped topping</item></ing>
      <ing>
        <amt>
          <qty/>
          <unit/></amt>
        <item>Maraschino cherries</item></ing></ingredients>
    <directions>
      <step>  From: Gerald Edgerton &lt;jerrye@wizard.com&gt;
  
  Date: Thu, 23 May 1996 13:35:07 -0700
  
  In a mixing bowl, stir slightly softened ice cream until smooth. Spoon the
  ice cream into the pie crust and cover with the inverted plastic lid. Place
  pie in freezer for several hours, until hard.
  
  TO SERVE: Remove pie from freezer and let stand for 10 minutes to soften.
  Spoon Smucker's Strawberry Topping onto serving plate. Cut pie and palce
  slice on plate. Garnish generously with Smucker's Chocolate Sundae Syrup,
  and other toppings as desired. Return unused portion to freezer.
  
   Preparation time: 15 minutes.
  
  Posted to Master Cook Recipes List, Digest #96
 
</step></directions></recipe></recipeml>
