<?xml version="1.0" encoding="UTF-8"?>

<recipeml version="0.5">
  <recipe>
    <head>
      <title>15 Bean and Winter Squash Not Chili</title>
      <categories>
        <cat>Bean/legume</cat>
        <cat>Soups/stews</cat></categories>
      <yield>1</yield></head>
    <ingredients>
      <ing>
        <amt>
          <qty>1</qty>
          <unit>cup</unit></amt>
        <item>15 bean mixture, soaked overnight and drained</item></ing>
      <ing>
        <amt>
          <qty>7</qty>
          <unit>cups</unit></amt>
        <item>Water</item></ing>
      <ing>
        <amt>
          <qty>1</qty>
          <unit>tablespoon</unit></amt>
        <item>Canola oil</item></ing>
      <ing>
        <amt>
          <qty>1</qty>
          <unit>large</unit></amt>
        <item>Red onion, diced</item></ing>
      <ing>
        <amt>
          <qty>1</qty>
          <unit>large</unit></amt>
        <item>Green or red bell pepper seeded and diced</item></ing>
      <ing>
        <amt>
          <qty>2</qty>
          <unit/></amt>
        <item>Stalks celery, diced</item></ing>
      <ing>
        <amt>
          <qty>3</qty>
          <unit/></amt>
        <item>Cloves garlic, minced</item></ing>
      <ing>
        <amt>
          <qty>2</qty>
          <unit>cups</unit></amt>
        <item>Peeled and diced butternut squash</item></ing>
      <ing>
        <amt>
          <qty>15</qty>
          <unit>ounces</unit></amt>
        <item>Can stewed tomatoes</item></ing>
      <ing>
        <amt>
          <qty>1/4</qty>
          <unit>cups</unit></amt>
        <item>Tomato paste</item></ing>
      <ing>
        <amt>
          <qty>1</qty>
          <unit>tablespoon</unit></amt>
        <item>Dried oregano</item></ing>
      <ing>
        <amt>
          <qty>2</qty>
          <unit>tablespoons</unit></amt>
        <item>Chili powder</item></ing>
      <ing>
        <amt>
          <qty>1 1/2</qty>
          <unit>teaspoons</unit></amt>
        <item>Cumin</item></ing>
      <ing>
        <amt>
          <qty>1</qty>
          <unit>teaspoon</unit></amt>
        <item>Black pepper</item></ing>
      <ing>
        <amt>
          <qty>1</qty>
          <unit>teaspoon</unit></amt>
        <item>Salt</item></ing></ingredients>
    <directions>
      <step>  In a large saucepan, combine bean mixture and water; bring to a simmer.
  Cook uncovered over med low heat, stirring occasionally, until beans are
  tender, about 1 1/2 hours.  Drain, reserve 3c cooking liquid.
  
  In another large saucepan, heat oil.  Add onion, bell pepper, celery and
  garlic; saute 5-7 mins.  Stir in cooked beans, cooking liquid, squash,
  stewed tomatoes, tomato paste and seasonings. Cook 30 mins over low heat,
  stirring occasionally.  Remove from heat, cover and let stand 5-10 mins
  before serving.
  
  Ladle into not-chili bowls.  Makes 6-8 servings.
  
  Note:  15 bean mixtures are available packaged in supermarkets and health
  food stores.  If you prefer, make your own by combining equal amounts of
  dried blackeyed peas, red kidney beans, white kidney beans (cannellini),
  green lentils, split peas, black beans, yellow split peas, navy beans,
  cranberry (Roman, shell, or shell out) beans, great Northern beans, pinto
  beans, small white limas, red lentils, cow peas (field peas), and pink
  beans.  Avoid using beans such as garbanzos and large lima beans, as these
  take longer to cook than other varities.
  
  Per serving:: 215 cals, 10g prog, 3g fat, 41g carb, 0 chol, 578mg sod, 11g
  fiber From Vegetarian Times, January 1996 Typed by Lisa Greenwood
    Posted to MM-Recipes Digest V3 #265
  
    Date: Fri, 27 Sep 1996 16:33:07 -0400
  
    From: BobbieB1@aol.com
 
</step></directions></recipe></recipeml>
