<?xml version="1.0" encoding="UTF-8"?>

<recipeml version="0.5">
  <recipe>
    <head>
      <title>15 Minute Brownies</title>
      <categories>
        <cat>Cookies</cat>
        <cat>And</cat>
        <cat>Bars</cat></categories>
      <yield>6</yield></head>
    <ingredients>
      <ing>
        <amt>
          <qty>3/4</qty>
          <unit>cups</unit></amt>
        <item>Flour</item></ing>
      <ing>
        <amt>
          <qty>1/4</qty>
          <unit>teaspoons</unit></amt>
        <item>Baking soda</item></ing>
      <ing>
        <amt>
          <qty>1/4</qty>
          <unit>teaspoons</unit></amt>
        <item>Salt</item></ing>
      <ing>
        <amt>
          <qty>1/3</qty>
          <unit>cups</unit></amt>
        <item>Butter</item></ing>
      <ing>
        <amt>
          <qty>1/2</qty>
          <unit>cups</unit></amt>
        <item>Sugar</item></ing>
      <ing>
        <amt>
          <qty>2</qty>
          <unit>tablespoons</unit></amt>
        <item>Water</item></ing>
      <ing>
        <amt>
          <qty>12</qty>
          <unit>ounces</unit></amt>
        <item>Chocolate chips; semi-sweet</item></ing>
      <ing>
        <amt>
          <qty>1</qty>
          <unit>teaspoon</unit></amt>
        <item>Vanilla</item></ing>
      <ing>
        <amt>
          <qty>2</qty>
          <unit/></amt>
        <item>Eggs</item></ing></ingredients>
    <directions>
      <step>  1. Combine flour, soda and salt; set aside.
  
  2. In microwave-safe mixing bowl, combine butter, sugar and water. Cook for
  2 minutes at 100% power, stirring after 1 minute. Remove from oven.Add 1
  cup chocolate chips and vanilla and stir until smooth and chips are melted.
  
  3. Add eggs, one at a time, beating after each addition. Blend in flour
  mixture and stir in remaining chocolate chips.
  
  4. Pour into an 8 or 9 inch microwave-safe baking pan. Place a saucer,
  upside down, in the microwave and put baking pan on top of saucer.
  
  5. Cook at 70% power for 10 minutes turning after 5 minutes. Enjoy!
  
  busted by sooz
  Posted to recipelu-digest by sooz &lt;kirkland@gj.net&gt; on Mar 18, 1998
 
</step></directions></recipe></recipeml>
