<?xml version="1.0" encoding="UTF-8"?>

<recipeml version="0.5">
  <recipe>
    <head>
      <title>15 Minute Ginger-Chicken Noodle Soup</title>
      <categories>
        <cat>Bobbie - no</cat>
        <cat>Chicken</cat>
        <cat>Mushrooms</cat>
        <cat>Pasta/noodl</cat>
        <cat>Soups</cat></categories>
      <yield>4</yield></head>
    <ingredients>
      <ing>
        <amt>
          <qty>2</qty>
          <unit>cups</unit></amt>
        <item>Medium egg noodles</item></ing>
      <ing>
        <amt>
          <qty>2</qty>
          <unit>cans</unit></amt>
        <item>Reduced sodium chicken broth; (14 1/2 oz. each)</item></ing>
      <ing>
        <amt>
          <qty>5</qty>
          <unit>ounces</unit></amt>
        <item>Can chunk white chicken in water; drained</item></ing>
      <ing>
        <amt>
          <qty>4</qty>
          <unit>ounces</unit></amt>
        <item>Sliced mushrooms; drained</item></ing>
      <ing>
        <amt>
          <qty>2</qty>
          <unit>teaspoons</unit></amt>
        <item>Fresh grated ginger</item></ing>
      <ing>
        <amt>
          <qty>2</qty>
          <unit>teaspoons</unit></amt>
        <item>Reduced-sodium soy sauce</item></ing>
      <ing>
        <amt>
          <qty>1/4</qty>
          <unit>cups</unit></amt>
        <item>Sliced green onions</item></ing>
      <ing>
        <amt>
          <qty>2</qty>
          <unit>tablespoons</unit></amt>
        <item>Chopped cilantro</item></ing></ingredients>
    <directions>
      <step>  Cook noodles as package directs. Drain and set aside. Meanwhile, in 2 quart
  saucepan over High heat, bring broth to boil. Reduce heat to Medium-Low.
  Mix in chicken, mushrooms, ginger and soy sauce. Simmer for 3 minutes. Mix
  in noodles, onions and cilantro. Return to simmering to heat through. Ladle
  into soup bowls. Serves 4. MC formatting by bobbi744@acd.net ICQ #12099523
  
  Recipe by: Associated Press/Lansing State Journal, 3-16-98
  
  Posted to MC-Recipe Digest by Roberta Banghart &lt;bobbi744@acd.net&gt; on May
  14, 1998
 
</step></directions></recipe></recipeml>
