<?xml version="1.0" encoding="UTF-8"?>

<recipeml version="0.5">
  <recipe>
    <head>
      <title>1905 Salad</title>
      <categories>
        <cat>Salads</cat>
        <cat>Cuba</cat>
        <cat>Archived</cat></categories>
      <yield>4</yield></head>
    <ingredients>
      <ing-div>
        <title>SALAD</title>
        <ing>
          <amt>
            <qty>1</qty>
            <unit>medium</unit></amt>
          <item>Lettuce, Iceburg; chopped</item></ing>
        <ing>
          <amt>
            <qty>4</qty>
            <unit/></amt>
          <item>Tomatoes; diced</item></ing>
        <ing>
          <amt>
            <qty>1/2</qty>
            <unit>pounds</unit></amt>
          <item>Cheese, Swiss; julienned</item></ing>
        <ing>
          <amt>
            <qty>6</qty>
            <unit>ounces</unit></amt>
          <item>Ham; julienned</item></ing>
        <ing>
          <amt>
            <qty>2/3</qty>
            <unit>cups</unit></amt>
          <item>Olives, spanish; pitted</item></ing>
        <ing>
          <amt>
            <qty>3</qty>
            <unit>teaspoons</unit></amt>
          <item>Cheese, Romano; grated</item></ing>
        <ing>
          <amt>
            <qty>1</qty>
            <unit/></amt>
          <item>Lemon; juiced</item></ing></ing-div>
      <ing-div>
        <title>DRESSING</title>
        <ing>
          <amt>
            <qty>1/4</qty>
            <unit>cups</unit></amt>
          <item>Vinegar, while</item></ing>
        <ing>
          <amt>
            <qty>1</qty>
            <unit>cup</unit></amt>
          <item>Oil, olive</item></ing>
        <ing>
          <amt>
            <qty>8</qty>
            <unit/></amt>
          <item>Garlic clove; minced</item></ing>
        <ing>
          <amt>
            <qty>2</qty>
            <unit>teaspoons</unit></amt>
          <item>Oregano</item></ing>
        <ing>
          <amt>
            <qty>2</qty>
            <unit>teaspoons</unit></amt>
          <item>Worcestershire sauce</item></ing>
        <ing>
          <amt>
            <qty/>
            <unit/></amt>
          <item>Salt; taste</item></ing>
        <ing>
          <amt>
            <qty/>
            <unit/></amt>
          <item>Pepper, black, ground; taste</item></ing></ing-div></ingredients>
    <directions>
      <step>  Put lettuce in mixing bowl.  Add tomatoes, ham, and cheese. Top with
  spanish olives.  Pour dressing on top and add grated Romano cheese and
  lemon juice. Toss all ingredients together and serve on chilled plates.
  
  Dressing:  Put into bowl minced garlic, oregano, and Worcestershire sauce.
  Beat until smooth with whisk. Add oil gradually and finally add vinegar,
  beating continuously.
  
  Source:  Columbia Restaurant (Sarasota, FL)
  
  MM by Sue Woodward (72772,2247/CIS; S.WOODWARD/GEnie; SWOODWARD/NVN)
  
  File ftp://ftp.idiscover.co.uk/pub/food/mealmaster/recipes/mmdja006.zip
 
</step></directions></recipe></recipeml>
