<?xml version="1.0" encoding="UTF-8"?>

<recipeml version="0.5">
  <recipe>
    <head>
      <title>1981 World Champ Butterfield Stageline Chili</title>
      <categories>
        <cat>Meats</cat>
        <cat>Chili</cat></categories>
      <yield>25</yield></head>
    <ingredients>
      <ing>
        <amt>
          <qty>4</qty>
          <unit/></amt>
        <item>Medium onions, minced</item></ing>
      <ing>
        <amt>
          <qty>10</qty>
          <unit>pounds</unit></amt>
        <item>Lean beef brisket, finely ch</item></ing>
      <ing>
        <amt>
          <qty>1/4</qty>
          <unit>cups</unit></amt>
        <item>Oil</item></ing>
      <ing>
        <amt>
          <qty>1 1/2</qty>
          <unit/></amt>
        <item>Cloves garlic; minced</item></ing>
      <ing>
        <amt>
          <qty>2</qty>
          <unit>pounds</unit></amt>
        <item>Ground pork</item></ing>
      <ing>
        <amt>
          <qty>7</qty>
          <unit>ounces</unit></amt>
        <item>Whole green chiles; minced</item></ing>
      <ing>
        <amt>
          <qty>15</qty>
          <unit>ounces</unit></amt>
        <item>Tomato sauce</item></ing>
      <ing>
        <amt>
          <qty>1</qty>
          <unit>pound</unit></amt>
        <item>Whole tomatoes; finely chopp</item></ing>
      <ing>
        <amt>
          <qty>1</qty>
          <unit>tablespoon</unit></amt>
        <item>Cumin</item></ing>
      <ing>
        <amt>
          <qty>1</qty>
          <unit>teaspoon</unit></amt>
        <item>Salt</item></ing>
      <ing>
        <amt>
          <qty>1</qty>
          <unit>teaspoon</unit></amt>
        <item>Oregano</item></ing>
      <ing>
        <amt>
          <qty>1</qty>
          <unit>tablespoon</unit></amt>
        <item>Dry mustard</item></ing>
      <ing>
        <amt>
          <qty>1</qty>
          <unit>ounce</unit></amt>
        <item>Tequila</item></ing>
      <ing>
        <amt>
          <qty>1</qty>
          <unit>can</unit></amt>
        <item>Beer</item></ing>
      <ing>
        <amt>
          <qty>3</qty>
          <unit>ounces</unit></amt>
        <item>Chili powder</item></ing>
      <ing>
        <amt>
          <qty>2</qty>
          <unit/></amt>
        <item>Beef bouillon cubes</item></ing></ingredients>
    <directions>
      <step>  Brown onions, and beef in oil. Stir in garlic, pork, chiles, cumin,
  oregano, salt, dry mustard, tomato sauce, tomatoes, tequila, beer, chili
  powder and bouillon cubes. Bring to boil then reduce heat and simmer 2-3
  hours. Stir occasionally. Do not stir the last 30 min before serving.
  
  From Gemini's MASSIVE MealMaster collection at www.synapse.com/~gemini
 
</step></directions></recipe></recipeml>
