<?xml version="1.0" encoding="UTF-8"?>

<recipeml version="0.5">
  <recipe>
    <head>
      <title>1991 1st Place Caramel Pecan Treasures</title>
      <categories>
        <cat>Cookies</cat>
        <cat>Holiday</cat></categories>
      <yield>60</yield></head>
    <ingredients>
      <ing>
        <amt>
          <qty>1</qty>
          <unit>cup</unit></amt>
        <item>Butter, softened</item></ing>
      <ing>
        <amt>
          <qty>3/4</qty>
          <unit>cups</unit></amt>
        <item>Lightly packed light</item></ing>
      <ing>
        <amt>
          <qty/>
          <unit/></amt>
        <item>Brown sugar</item></ing>
      <ing>
        <amt>
          <qty>1</qty>
          <unit>teaspoon</unit></amt>
        <item>Vanilla</item></ing>
      <ing>
        <amt>
          <qty>1 3/4</qty>
          <unit>cups</unit></amt>
        <item>All-purpose flour</item></ing>
      <ing>
        <amt>
          <qty>1/2</qty>
          <unit>teaspoons</unit></amt>
        <item>Baking powder</item></ing>
      <ing>
        <amt>
          <qty>12</qty>
          <unit>ounces</unit></amt>
        <item>Semisweet chocolate chips</item></ing>
      <ing>
        <amt>
          <qty>1</qty>
          <unit>tablespoon</unit></amt>
        <item>Vegetable shortening</item></ing>
      <ing>
        <amt>
          <qty/>
          <unit/></amt>
        <item>25 to 30 caramels, cut in</item></ing>
      <ing>
        <amt>
          <qty/>
          <unit/></amt>
        <item>Half, rolled into balls</item></ing>
      <ing>
        <amt>
          <qty/>
          <unit/></amt>
        <item>Finely chopped pecans</item></ing></ingredients>
    <directions>
      <step>  Preparation time: 50 minutes Cooking time: 15 minutes
  
   1. Heat oven to 325 degrees. Have ungreased baking sheets ready.
  
   2. Cream butter, sugar and vanilla in large mixer bowl until well-mixed.
  Stir in flour and baking powder. (If kitchen is warm, refrigerate dough for
  a few minutes; dough should be firm enough to roll easily.) Shape scant
  teaspoonsful of dough into balls about the size of a marble. Place on
  baking sheet, leaving about 2 inches between cookies. Flatten slightly.
  
   3. Bake until golden, about 15 minutes. Transfer to wire racks to cool.
  
   4. Melt chocolate chips with shortening in top of double boiler set over
  simmering water. Remove from heat.
  
   5. Flatten caramel halves so they are the same diameter as the cookie. Put
  one caramel half on top of each cookie. (If necessary, use a dab of
  chocolate as "glue" to help caramel adhere to cookie.) Using a small metal
  spatula, spread melted chocolate thinly over top and sides of caramel and
  cookie to cover. Press chopped pecans onto tops of cookies. Let stand on a
  wire rack until chocolate firms (refrigerate if desired), about 20 minutes.
  Put into individual paper wrappers. Store in a cookie tin with a piece of
  wax paper between each layer.
  
   The first-place winner of the Tribune's 1991 Holiday Cookie Contest is
  Elaine Rysner. She prefers to make the cookies small - about the diameter
  of a quarter. Use high-quality caramels and chocolate for the best cookies.
  from the Chicago Tribune fourth annual Food Guide Holiday Cookie Contest
  December 5, 1991
  Posted to MM-Recipes Digest V3 #339
  
  From: Linda Place &lt;placel@worldnet.att.net&gt;
  
  Date: Wed, 11 Dec 1996 11:24:32 +0000
 
</step></directions></recipe></recipeml>
