<?xml version="1.0" encoding="UTF-8"?>

<recipeml version="0.5">
  <recipe>
    <head>
      <title>1991 3rd Place Christmas Ginger Cookies</title>
      <categories>
        <cat>Cookies</cat>
        <cat>Holiday</cat></categories>
      <yield>96</yield></head>
    <ingredients>
      <ing-div>
        <title/>
        <ing>
          <amt>
            <qty>1</qty>
            <unit>cup</unit></amt>
          <item>Unsalted butter or</item></ing>
        <ing>
          <amt>
            <qty/>
            <unit/></amt>
          <item>Margarine, softened</item></ing>
        <ing>
          <amt>
            <qty>1 1/4</qty>
            <unit>cups</unit></amt>
          <item>Granulated sugar</item></ing>
        <ing>
          <amt>
            <qty>1</qty>
            <unit/></amt>
          <item>Egg</item></ing>
        <ing>
          <amt>
            <qty>2</qty>
            <unit>tablespoons</unit></amt>
          <item>Dark corn syrup</item></ing>
        <ing>
          <amt>
            <qty>1 1/2</qty>
            <unit>tablespoons</unit></amt>
          <item>Grated orange rind</item></ing>
        <ing>
          <amt>
            <qty>1</qty>
            <unit>tablespoon</unit></amt>
          <item>Water</item></ing>
        <ing>
          <amt>
            <qty>3 1/4</qty>
            <unit>cups</unit></amt>
          <item>All-purpose flour</item></ing>
        <ing>
          <amt>
            <qty>2</qty>
            <unit>teaspoons</unit></amt>
          <item>Baking soda</item></ing>
        <ing>
          <amt>
            <qty>2</qty>
            <unit>teaspoons</unit></amt>
          <item>Cinnamon</item></ing>
        <ing>
          <amt>
            <qty>1</qty>
            <unit>teaspoon</unit></amt>
          <item>Ground ginger</item></ing>
        <ing>
          <amt>
            <qty>1/2</qty>
            <unit>teaspoons</unit></amt>
          <item>Ground cloves</item></ing>
        <ing>
          <amt>
            <qty>1/4</qty>
            <unit>teaspoons</unit></amt>
          <item>Salt</item></ing></ing-div>
      <ing-div>
        <title>ICING</title>
        <ing>
          <amt>
            <qty>1</qty>
            <unit/></amt>
          <item>Egg white</item></ing>
        <ing>
          <amt>
            <qty>1</qty>
            <unit>teaspoon</unit></amt>
          <item>Almond extract</item></ing>
        <ing>
          <amt>
            <qty/>
            <unit/></amt>
          <item>Confectioners' sugar, as</item></ing>
        <ing>
          <amt>
            <qty/>
            <unit/></amt>
          <item>Needed (about 2-4 cups)</item></ing></ing-div></ingredients>
    <directions>
      <step>  Preparation time: 30 minutes Chilling time: Overnight Cooking time: 10
  minutes
  
   1. Cream butter and sugar in large mixer bowl with electric mixer. Beat in
  egg until light. Stir in corn syrup, orange rind and water. Mix flour,
  baking soda, cinnamon, ginger, cloves and salt. Stir into butter mixture to
  form a dough. Divide dough in half. Wrap in wax paper and refrigerate
  overnight.
  
   2. Heat oven to 325 degrees. Have lightly greased baking sheets ready.
  
   3. Roll out one piece of dough at a time on a lightly floured surface or
  between sheets of floured wax paper to 1/8 -inch thickness. Cut into shapes
  with cookie cutters. Place on baking sheets, leaving 2 inches between each
  cookie. Bake until golden, 8 to 10 minutes. Transfer to wire racks to cool.
  
   4. For icing, mix egg white and almond extract in small bowl until frothy.
  Stir in confectioners' sugar until mixture is a drizzling consistency.
  Drizzle over cookies. Let stand until icing sets. Store covered.
  
   Note: This recipe uses raw egg white. Cases of salmonella poisoning have
  been traced to raw eggs, although this is rare and usually associated with
  the yolks.
  
   These orange-flavored ginger cookies captured third place for Janis C.
  Peterson of Geneva, Illinois. The rolled, cutout cookies are easy to bake,
  have a delicious combination of fresh tastes and are sure to bring pleasure
  to the recipients. from the Chicago Tribune fourth annual Food Guide
  Holiday Cookie Contest December 5, 1991
  Posted to MM-Recipes Digest V3 #339
  
  From: Linda Place &lt;placel@worldnet.att.net&gt;
  
  Date: Wed, 11 Dec 1996 11:24:32 +0000
 
</step></directions></recipe></recipeml>
