<?xml version="1.0" encoding="UTF-8"?>

<recipeml version="0.5">
  <recipe>
    <head>
      <title>19 Bean Cassoulet</title>
      <categories>
        <cat>None</cat></categories>
      <yield>12</yield></head>
    <ingredients>
      <ing>
        <amt>
          <qty>1</qty>
          <unit>pound</unit></amt>
        <item>Beans; (see Note)</item></ing>
      <ing>
        <amt>
          <qty>3</qty>
          <unit>quarts</unit></amt>
        <item>Water</item></ing>
      <ing>
        <amt>
          <qty>1</qty>
          <unit/></amt>
        <item>Ham hock</item></ing>
      <ing>
        <amt>
          <qty/>
          <unit/></amt>
        <item>Fresh herbs</item></ing>
      <ing>
        <amt>
          <qty>32</qty>
          <unit>ounces</unit></amt>
        <item>Chopped; undrained canned tomatoes</item></ing>
      <ing>
        <amt>
          <qty>2</qty>
          <unit/></amt>
        <item>Finely chopped onions</item></ing>
      <ing>
        <amt>
          <qty>5</qty>
          <unit/></amt>
        <item>Celery stalks; finely chopped</item></ing>
      <ing>
        <amt>
          <qty>2</qty>
          <unit/></amt>
        <item>Garlic cloves</item></ing>
      <ing>
        <amt>
          <qty>1</qty>
          <unit>pound</unit></amt>
        <item>Turkey kielbasa sausage; sliced</item></ing>
      <ing>
        <amt>
          <qty>1</qty>
          <unit/></amt>
        <item>Cubed boneless skinless chicken breasts</item></ing>
      <ing>
        <amt>
          <qty>1/2</qty>
          <unit>cups</unit></amt>
        <item>Red wine</item></ing>
      <ing>
        <amt>
          <qty>1/2</qty>
          <unit>cups</unit></amt>
        <item>Fresh parsley</item></ing></ingredients>
    <directions>
      <step>  Wash and drain 1 pound of the dried pea/bean mixture. Add 3 quarts water,
  one ham hock, and herb bag (combine your own choice of herbs in a small
  piece of cheese cloth and tie closed with twine). Bring to a boil, cover
  and simmer for 2 1/2 to 3 hours. Remove herb bag, place pot in refrigerator
  for several hours or over night. Skim congealed fat from the surface.
  
  Return to heat. Add tomatoes, onions, celery and garlic. Cook slowly 1 1/2
  hours in covered kettle. It will appear thick and creamy. Add sausage and
  chicken breast. Cover and continue cooking slowly for 30 - 40 minutes. Add
  1/2 cup red wine and 1/2 cup fresh parsley.
  
  The flavor improves with age. Cook the day before. Freezes well.
  
  Note: Use a combination of the following beans to total 1 pound: pinto,
  large limas, small limas, small green limas, split peas, lentils, navy
  beans, black eyed peas, red kidney beans, great northern beans, green peas,
  pearl barley, black beans, azuki beans, cranberry beans, and any additional
  dried peas, beans or grains you might find.
  
  Source: Sue Cochran, CHE Date Published: 11/20/92 Culinary Hearts Kitchen
  
  Posted to Bakery-Shoppe Digest V1 #238 by nina-b@juno.com (nina l banks) on
  Sep 13, 1997
 
</step></directions></recipe></recipeml>
